depth,trial,alg,N,U,found,cost,deltaS_mean,deltaD,optCost
4,0,BiDijkstra,152,31,1,122.00,0.941752,0.614014,122.00
4,1,BiDijkstra,152,31,1,102.00,0.929973,0.628569,102.00
4,2,BiDijkstra,175,31,1,133.00,0.952689,0.567041,133.00
4,3,BiDijkstra,151,31,1,111.00,0.954553,0.676861,111.00
4,4,BiDijkstra,181,31,1,116.00,0.959678,0.689358,116.00
4,5,BiDijkstra,161,31,1,117.00,0.964096,0.634023,117.00
4,6,BiDijkstra,168,31,1,122.00,0.958956,0.710065,122.00
4,7,BiDijkstra,161,31,1,128.00,0.954364,0.705756,128.00
4,8,BiDijkstra,140,31,1,100.00,0.893512,0.616340,100.00
4,9,BiDijkstra,148,31,1,124.00,0.963154,0.747961,124.00
4,10,BiDijkstra,155,31,1,111.00,0.953544,0.673881,111.00
4,11,BiDijkstra,165,31,1,141.00,0.947684,0.650742,141.00
4,12,BiDijkstra,165,31,1,108.00,0.932443,0.721470,108.00
4,13,BiDijkstra,183,31,1,136.00,0.948427,0.637920,136.00
4,14,BiDijkstra,152,33,1,122.00,0.958916,0.752771,122.00
4,15,BiDijkstra,146,31,1,116.00,0.943874,0.701024,116.00
4,16,BiDijkstra,163,33,1,111.00,0.933820,0.662658,111.00
4,17,BiDijkstra,179,31,1,129.00,0.960262,0.805564,129.00
4,18,BiDijkstra,163,31,1,110.00,0.947734,0.624806,110.00
4,19,BiDijkstra,125,31,1,125.00,0.940225,0.699227,125.00
4,20,BiDijkstra,162,31,1,114.00,0.935322,0.597139,114.00
4,21,BiDijkstra,141,31,1,113.00,0.945059,0.687102,113.00
4,22,BiDijkstra,193,31,1,112.00,0.952054,0.702446,112.00
4,23,BiDijkstra,171,31,1,130.00,0.952085,0.703272,130.00
4,24,BiDijkstra,148,31,1,134.00,0.947031,0.674680,134.00
4,25,BiDijkstra,117,33,1,104.00,0.941946,0.746738,104.00
4,26,BiDijkstra,182,33,1,118.00,0.937296,0.691604,118.00
4,27,BiDijkstra,164,31,1,113.00,0.954101,0.734386,113.00
4,28,BiDijkstra,147,33,1,111.00,0.959560,0.635277,111.00
4,29,BiDijkstra,154,31,1,133.00,0.947371,0.631925,133.00
6,0,BiDijkstra,366,47,1,192.00,0.969706,0.657779,192.00
6,1,BiDijkstra,375,47,1,195.00,0.965036,0.681719,195.00
6,2,BiDijkstra,410,49,1,173.00,0.952922,0.616825,173.00
6,3,BiDijkstra,410,47,1,179.00,0.968373,0.706764,179.00
6,4,BiDijkstra,356,47,1,156.00,0.956330,0.732811,156.00
6,5,BiDijkstra,410,47,1,182.00,0.966413,0.658877,182.00
6,6,BiDijkstra,382,47,1,180.00,0.966896,0.796320,180.00
6,7,BiDijkstra,366,47,1,177.00,0.960038,0.672117,177.00
6,8,BiDijkstra,328,49,1,174.00,0.972275,0.696301,174.00
6,9,BiDijkstra,374,47,1,170.00,0.964801,0.679259,170.00
6,10,BiDijkstra,333,49,1,179.00,0.951448,0.641273,179.00
6,11,BiDijkstra,369,47,1,184.00,0.971856,0.725057,184.00
6,12,BiDijkstra,377,49,1,165.00,0.959492,0.651584,165.00
6,13,BiDijkstra,403,47,1,191.00,0.969688,0.635009,191.00
6,14,BiDijkstra,326,47,1,150.00,0.946106,0.755522,150.00
6,15,BiDijkstra,329,47,1,171.00,0.960308,0.702254,171.00
6,16,BiDijkstra,368,47,1,174.00,0.965831,0.652258,174.00
6,17,BiDijkstra,384,47,1,170.00,0.969109,0.752665,170.00
6,18,BiDijkstra,344,47,1,169.00,0.961310,0.633378,169.00
6,19,BiDijkstra,368,47,1,174.00,0.955604,0.655803,174.00
6,20,BiDijkstra,338,47,1,151.00,0.947577,0.626664,151.00
6,21,BiDijkstra,332,47,1,163.00,0.960489,0.734409,163.00
6,22,BiDijkstra,361,47,1,192.00,0.961663,0.696400,192.00
6,23,BiDijkstra,317,47,1,168.00,0.959311,0.677322,168.00
6,24,BiDijkstra,401,47,1,167.00,0.955121,0.755589,167.00
6,25,BiDijkstra,406,47,1,171.00,0.958809,0.660544,171.00
6,26,BiDijkstra,415,49,1,185.00,0.969289,0.718136,185.00
6,27,BiDijkstra,368,47,1,168.00,0.953351,0.740719,168.00
6,28,BiDijkstra,374,49,1,170.00,0.956834,0.644656,170.00
6,29,BiDijkstra,311,47,1,155.00,0.958232,0.717385,155.00
8,0,BiDijkstra,703,63,1,231.00,0.970942,0.800892,231.00
8,1,BiDijkstra,615,65,1,238.00,0.970562,0.660762,238.00
8,2,BiDijkstra,717,65,1,269.00,0.976651,0.607200,269.00
8,3,BiDijkstra,578,63,1,224.00,0.966843,0.653188,224.00
8,4,BiDijkstra,664,63,1,255.00,0.971779,0.690245,255.00
8,5,BiDijkstra,652,63,1,229.00,0.970705,0.684582,229.00
8,6,BiDijkstra,637,63,1,208.00,0.967491,0.734246,208.00
8,7,BiDijkstra,620,63,1,248.00,0.975398,0.649095,248.00
8,8,BiDijkstra,693,63,1,243.00,0.968435,0.561483,243.00
8,9,BiDijkstra,558,63,1,199.00,0.963622,0.787576,199.00
8,10,BiDijkstra,666,65,1,230.00,0.969434,0.668495,230.00
8,11,BiDijkstra,575,65,1,255.00,0.972583,0.707105,255.00
8,12,BiDijkstra,624,63,1,241.00,0.972543,0.649839,241.00
8,13,BiDijkstra,653,63,1,238.00,0.967688,0.623282,238.00
8,14,BiDijkstra,630,63,1,246.00,0.974209,0.757147,246.00
8,15,BiDijkstra,638,63,1,247.00,0.968872,0.764218,247.00
8,16,BiDijkstra,633,63,1,243.00,0.975027,0.727825,243.00
8,17,BiDijkstra,577,63,1,236.00,0.973374,0.731605,236.00
8,18,BiDijkstra,637,63,1,258.00,0.974001,0.703539,258.00
8,19,BiDijkstra,627,63,1,237.00,0.969907,0.584098,237.00
8,20,BiDijkstra,693,63,1,233.00,0.962539,0.689125,233.00
8,21,BiDijkstra,734,63,1,274.00,0.978651,0.766918,274.00
8,22,BiDijkstra,633,67,1,222.00,0.964719,0.721844,222.00
8,23,BiDijkstra,671,63,1,239.00,0.972037,0.657628,239.00
8,24,BiDijkstra,661,63,1,236.00,0.971935,0.617079,236.00
8,25,BiDijkstra,670,63,1,232.00,0.973347,0.700295,232.00
8,26,BiDijkstra,690,63,1,256.00,0.975422,0.729893,256.00
8,27,BiDijkstra,630,63,1,235.00,0.971891,0.748689,235.00
8,28,BiDijkstra,612,63,1,224.00,0.967924,0.684286,224.00
8,29,BiDijkstra,681,63,1,220.00,0.966024,0.722323,220.00
10,0,BiDijkstra,1077,81,1,299.00,0.977489,0.734352,299.00
10,1,BiDijkstra,1056,79,1,302.00,0.974624,0.712643,302.00
10,2,BiDijkstra,945,79,1,298.00,0.980942,0.712329,298.00
10,3,BiDijkstra,1008,79,1,298.00,0.976408,0.721647,298.00
10,4,BiDijkstra,1006,81,1,300.00,0.979721,0.719982,300.00
10,5,BiDijkstra,1074,81,1,298.00,0.974361,0.625779,298.00
10,6,BiDijkstra,923,83,1,278.00,0.972742,0.712161,278.00
10,7,BiDijkstra,1022,81,1,280.00,0.974536,0.661115,280.00
10,8,BiDijkstra,1069,81,1,306.00,0.974167,0.628638,306.00
10,9,BiDijkstra,1015,79,1,286.00,0.972816,0.601051,286.00
10,10,BiDijkstra,948,79,1,275.00,0.977224,0.760658,275.00
10,11,BiDijkstra,1026,79,1,300.00,0.974076,0.639999,300.00
10,12,BiDijkstra,1147,81,1,308.00,0.978380,0.616308,308.00
10,13,BiDijkstra,964,79,1,283.00,0.974154,0.683325,283.00
10,14,BiDijkstra,1100,79,1,317.00,0.980100,0.695944,317.00
10,15,BiDijkstra,1168,79,1,313.00,0.976883,0.701455,313.00
10,16,BiDijkstra,947,81,1,287.00,0.975547,0.635523,287.00
10,17,BiDijkstra,974,79,1,290.00,0.976043,0.647264,290.00
10,18,BiDijkstra,914,81,1,274.00,0.974176,0.654176,274.00
10,19,BiDijkstra,1007,81,1,292.00,0.975466,0.704026,292.00
10,20,BiDijkstra,1108,79,1,291.00,0.976688,0.746902,291.00
10,21,BiDijkstra,920,79,1,281.00,0.972127,0.771819,281.00
10,22,BiDijkstra,982,79,1,278.00,0.973255,0.639241,278.00
10,23,BiDijkstra,959,79,1,290.00,0.971415,0.718058,290.00
10,24,BiDijkstra,1069,79,1,288.00,0.973913,0.698218,288.00
10,25,BiDijkstra,969,81,1,276.00,0.974692,0.808273,276.00
10,26,BiDijkstra,948,79,1,299.00,0.976834,0.772606,299.00
10,27,BiDijkstra,1035,79,1,319.00,0.976549,0.677464,319.00
10,28,BiDijkstra,1098,83,1,297.00,0.973559,0.659614,297.00
10,29,BiDijkstra,986,81,1,298.00,0.973290,0.640868,298.00
12,0,BiDijkstra,1497,97,1,352.00,0.979406,0.636223,352.00
12,1,BiDijkstra,1534,95,1,360.00,0.980853,0.674538,360.00
12,2,BiDijkstra,1576,97,1,383.00,0.983376,0.746060,383.00
12,3,BiDijkstra,1507,95,1,340.00,0.979203,0.727988,340.00
12,4,BiDijkstra,1424,95,1,331.00,0.976607,0.658742,331.00
12,5,BiDijkstra,1578,95,1,370.00,0.980314,0.606645,370.00
12,6,BiDijkstra,1315,95,1,331.00,0.979450,0.771684,331.00
12,7,BiDijkstra,1524,97,1,345.00,0.977028,0.694636,345.00
12,8,BiDijkstra,1424,101,1,326.00,0.977957,0.709022,326.00
12,9,BiDijkstra,1504,95,1,369.00,0.980221,0.746387,369.00
12,10,BiDijkstra,1545,95,1,359.00,0.980070,0.645521,359.00
12,11,BiDijkstra,1268,95,1,338.00,0.975844,0.641817,338.00
12,12,BiDijkstra,1511,95,1,365.00,0.979255,0.691475,365.00
12,13,BiDijkstra,1519,95,1,363.00,0.979950,0.652981,363.00
12,14,BiDijkstra,1567,97,1,352.00,0.977510,0.664971,352.00
12,15,BiDijkstra,1384,95,1,335.00,0.976386,0.686280,335.00
12,16,BiDijkstra,1474,97,1,361.00,0.980309,0.674995,361.00
12,17,BiDijkstra,1431,97,1,352.00,0.977818,0.670937,352.00
12,18,BiDijkstra,1501,95,1,354.00,0.980187,0.621773,354.00
12,19,BiDijkstra,1585,99,1,340.00,0.977866,0.717980,340.00
12,20,BiDijkstra,1494,97,1,345.00,0.979089,0.659778,345.00
12,21,BiDijkstra,1527,97,1,351.00,0.978861,0.611579,351.00
12,22,BiDijkstra,1554,95,1,369.00,0.980254,0.670003,369.00
12,23,BiDijkstra,1575,95,1,368.00,0.979231,0.709070,368.00
12,24,BiDijkstra,1300,99,1,336.00,0.976372,0.671963,336.00
12,25,BiDijkstra,1529,95,1,369.00,0.980126,0.673883,369.00
12,26,BiDijkstra,1447,97,1,341.00,0.980367,0.763230,341.00
12,27,BiDijkstra,1452,97,1,357.00,0.977927,0.624329,357.00
12,28,BiDijkstra,1395,95,1,343.00,0.982107,0.689501,343.00
12,29,BiDijkstra,1501,95,1,364.00,0.978368,0.678012,364.00
